-- phpMyAdmin SQL Dump
-- version 3.3.9
-- http://www.phpmyadmin.net
--
-- Servidor: localhost
-- Tiempo de generación: 31-01-2018 a las 21:45:55
-- Versión del servidor: 5.5.8
-- Versión de PHP: 5.2.5

SET SQL_MODE="NO_AUTO_VALUE_ON_ZERO";


/*!40101 SET @OLD_CHARACTER_SET_CLIENT=@@CHARACTER_SET_CLIENT */;
/*!40101 SET @OLD_CHARACTER_SET_RESULTS=@@CHARACTER_SET_RESULTS */;
/*!40101 SET @OLD_COLLATION_CONNECTION=@@COLLATION_CONNECTION */;
/*!40101 SET NAMES utf8 */;

--
-- Base de datos: `bobinas`
--

-- --------------------------------------------------------

--
-- Estructura de tabla para la tabla `bandejas`
--

CREATE TABLE IF NOT EXISTS `bandejas` (
  `id` bigint(20) NOT NULL AUTO_INCREMENT,
  `item` varchar(100) DEFAULT NULL,
  `descripcion` varchar(500) DEFAULT NULL,
  `bodega` varchar(100) DEFAULT NULL,
  `cantidad` int(11) DEFAULT NULL,
  `id_material` int(11) DEFAULT NULL,
  PRIMARY KEY (`id`),
  KEY `id_material` (`id_material`)
) ENGINE=InnoDB  DEFAULT CHARSET=latin1 AUTO_INCREMENT=105 ;

--
-- Volcar la base de datos para la tabla `bandejas`
--

INSERT INTO `bandejas` (`id`, `item`, `descripcion`, `bodega`, `cantidad`, `id_material`) VALUES
(1, '2099', 'KIT BT 420A 1/2 ANSI TM LEOSAN', 'AMP', 3, 38766),
(2, '31087', 'DISCO CONMUTADOR 100A 34.5 KV', 'AMP', 1, 38766),
(3, '595', 'VAL.SOBREPRESION 1/4 NPT 8-12 PSI', 'AMP', 1, 38766),
(4, '722', 'TORNILLO FE 1/4*1/2', 'AMP', 2, 38766),
(5, '728', 'TORNILLO FE 7/16*1', 'AMP', 2, 38766),
(6, '776', 'TUERCA GALV. SEGURIDAD 7/16', 'AMP', 2, 38766),
(7, '779', 'TUERCA GALV. SEGURIDAD 1/4', 'AMP', 2, 38766),
(8, '794', 'ARANDELA FE 7/16', 'AMP', 4, 38766),
(9, '2099', 'KIT BT 420A 1/2 ANSI TM LEOSAN', 'AMP', 3, 38767),
(10, '31087', 'DISCO CONMUTADOR 100A 34.5 KV', 'AMP', 1, 38767),
(11, '595', 'VAL.SOBREPRESION 1/4 NPT 8-12 PSI', 'AMP', 1, 38767),
(12, '722', 'TORNILLO FE 1/4*1/2', 'AMP', 2, 38767),
(13, '728', 'TORNILLO FE 7/16*1', 'AMP', 2, 38767),
(14, '776', 'TUERCA GALV. SEGURIDAD 7/16', 'AMP', 2, 38767),
(15, '779', 'TUERCA GALV. SEGURIDAD 1/4', 'AMP', 2, 38767),
(16, '794', 'ARANDELA FE 7/16', 'AMP', 4, 38767),
(17, '2099', 'KIT BT 420A 1/2 ANSI TM LEOSAN', 'AMP', 3, 38769),
(18, '31087', 'DISCO CONMUTADOR 100A 34.5 KV', 'AMP', 1, 38769),
(19, '595', 'VAL.SOBREPRESION 1/4 NPT 8-12 PSI', 'AMP', 1, 38769),
(20, '722', 'TORNILLO FE 1/4*1/2', 'AMP', 2, 38769),
(21, '728', 'TORNILLO FE 7/16*1', 'AMP', 2, 38769),
(22, '776', 'TUERCA GALV. SEGURIDAD 7/16', 'AMP', 2, 38769),
(23, '779', 'TUERCA GALV. SEGURIDAD 1/4', 'AMP', 2, 38769),
(24, '794', 'ARANDELA FE 7/16', 'AMP', 4, 38769),
(25, '2099', 'KIT BT 420A 1/2 ANSI TM LEOSAN', 'AMP', 3, 38770),
(26, '31087', 'DISCO CONMUTADOR 100A 34.5 KV', 'AMP', 1, 38770),
(27, '595', 'VAL.SOBREPRESION 1/4 NPT 8-12 PSI', 'AMP', 1, 38770),
(28, '722', 'TORNILLO FE 1/4*1/2', 'AMP', 2, 38770),
(29, '728', 'TORNILLO FE 7/16*1', 'AMP', 2, 38770),
(30, '776', 'TUERCA GALV. SEGURIDAD 7/16', 'AMP', 2, 38770),
(31, '779', 'TUERCA GALV. SEGURIDAD 1/4', 'AMP', 2, 38770),
(32, '794', 'ARANDELA FE 7/16', 'AMP', 4, 38770),
(33, '2099', 'KIT BT 420A 1/2 ANSI TM LEOSAN', 'AMP', 3, 38771),
(34, '31087', 'DISCO CONMUTADOR 100A 34.5 KV', 'AMP', 1, 38771),
(35, '595', 'VAL.SOBREPRESION 1/4 NPT 8-12 PSI', 'AMP', 1, 38771),
(36, '722', 'TORNILLO FE 1/4*1/2', 'AMP', 2, 38771),
(37, '728', 'TORNILLO FE 7/16*1', 'AMP', 2, 38771),
(38, '776', 'TUERCA GALV. SEGURIDAD 7/16', 'AMP', 2, 38771),
(39, '779', 'TUERCA GALV. SEGURIDAD 1/4', 'AMP', 2, 38771),
(40, '794', 'ARANDELA FE 7/16', 'AMP', 4, 38771),
(41, '2099', 'KIT BT 420A 1/2 ANSI TM LEOSAN', 'AMP', 3, 38772),
(42, '31087', 'DISCO CONMUTADOR 100A 34.5 KV', 'AMP', 1, 38772),
(43, '595', 'VAL.SOBREPRESION 1/4 NPT 8-12 PSI', 'AMP', 1, 38772),
(44, '722', 'TORNILLO FE 1/4*1/2', 'AMP', 2, 38772),
(45, '728', 'TORNILLO FE 7/16*1', 'AMP', 2, 38772),
(46, '776', 'TUERCA GALV. SEGURIDAD 7/16', 'AMP', 2, 38772),
(47, '779', 'TUERCA GALV. SEGURIDAD 1/4', 'AMP', 2, 38772),
(48, '794', 'ARANDELA FE 7/16', 'AMP', 4, 38772),
(49, '2099', 'KIT BT 420A 1/2 ANSI TM LEOSAN', 'AMP', 3, 38773),
(50, '31087', 'DISCO CONMUTADOR 100A 34.5 KV', 'AMP', 1, 38773),
(51, '595', 'VAL.SOBREPRESION 1/4 NPT 8-12 PSI', 'AMP', 1, 38773),
(52, '722', 'TORNILLO FE 1/4*1/2', 'AMP', 2, 38773),
(53, '728', 'TORNILLO FE 7/16*1', 'AMP', 2, 38773),
(54, '776', 'TUERCA GALV. SEGURIDAD 7/16', 'AMP', 2, 38773),
(55, '779', 'TUERCA GALV. SEGURIDAD 1/4', 'AMP', 2, 38773),
(56, '794', 'ARANDELA FE 7/16', 'AMP', 4, 38773),
(57, '2099', 'KIT BT 420A 1/2 ANSI TM LEOSAN', 'AMP', 3, 38774),
(58, '31087', 'DISCO CONMUTADOR 100A 34.5 KV', 'AMP', 1, 38774),
(59, '595', 'VAL.SOBREPRESION 1/4 NPT 8-12 PSI', 'AMP', 1, 38774),
(60, '722', 'TORNILLO FE 1/4*1/2', 'AMP', 2, 38774),
(61, '728', 'TORNILLO FE 7/16*1', 'AMP', 2, 38774),
(62, '776', 'TUERCA GALV. SEGURIDAD 7/16', 'AMP', 2, 38774),
(63, '779', 'TUERCA GALV. SEGURIDAD 1/4', 'AMP', 2, 38774),
(64, '794', 'ARANDELA FE 7/16', 'AMP', 4, 38774),
(65, '2099', 'KIT BT 420A 1/2 ANSI TM LEOSAN', 'AMP', 3, 38775),
(66, '31087', 'DISCO CONMUTADOR 100A 34.5 KV', 'AMP', 1, 38775),
(67, '595', 'VAL.SOBREPRESION 1/4 NPT 8-12 PSI', 'AMP', 1, 38775),
(68, '722', 'TORNILLO FE 1/4*1/2', 'AMP', 2, 38775),
(69, '728', 'TORNILLO FE 7/16*1', 'AMP', 2, 38775),
(70, '776', 'TUERCA GALV. SEGURIDAD 7/16', 'AMP', 2, 38775),
(71, '779', 'TUERCA GALV. SEGURIDAD 1/4', 'AMP', 2, 38775),
(72, '794', 'ARANDELA FE 7/16', 'AMP', 4, 38775),
(73, '2099', 'KIT BT 420A 1/2 ANSI TM LEOSAN', 'AMP', 3, 38776),
(74, '31087', 'DISCO CONMUTADOR 100A 34.5 KV', 'AMP', 1, 38776),
(75, '595', 'VAL.SOBREPRESION 1/4 NPT 8-12 PSI', 'AMP', 1, 38776),
(76, '722', 'TORNILLO FE 1/4*1/2', 'AMP', 2, 38776),
(77, '728', 'TORNILLO FE 7/16*1', 'AMP', 2, 38776),
(78, '776', 'TUERCA GALV. SEGURIDAD 7/16', 'AMP', 2, 38776),
(79, '779', 'TUERCA GALV. SEGURIDAD 1/4', 'AMP', 2, 38776),
(80, '794', 'ARANDELA FE 7/16', 'AMP', 4, 38776),
(81, '2099', 'KIT BT 420A 1/2 ANSI TM LEOSAN', 'AMP', 3, 38780),
(82, '31087', 'DISCO CONMUTADOR 100A 34.5 KV', 'AMP', 1, 38780),
(83, '595', 'VAL.SOBREPRESION 1/4 NPT 8-12 PSI', 'AMP', 1, 38780),
(84, '722', 'TORNILLO FE 1/4*1/2', 'AMP', 2, 38780),
(85, '728', 'TORNILLO FE 7/16*1', 'AMP', 2, 38780),
(86, '776', 'TUERCA GALV. SEGURIDAD 7/16', 'AMP', 2, 38780),
(87, '779', 'TUERCA GALV. SEGURIDAD 1/4', 'AMP', 2, 38780),
(88, '794', 'ARANDELA FE 7/16', 'AMP', 4, 38780),
(89, '2099', 'KIT BT 420A 1/2 ANSI TM LEOSAN', 'AMP', 3, 38650),
(90, '31087', 'DISCO CONMUTADOR 100A 34.5 KV', 'AMP', 1, 38650),
(91, '595', 'VAL.SOBREPRESION 1/4 NPT 8-12 PSI', 'AMP', 1, 38650),
(92, '722', 'TORNILLO FE 1/4*1/2', 'AMP', 2, 38650),
(93, '728', 'TORNILLO FE 7/16*1', 'AMP', 2, 38650),
(94, '776', 'TUERCA GALV. SEGURIDAD 7/16', 'AMP', 2, 38650),
(95, '779', 'TUERCA GALV. SEGURIDAD 1/4', 'AMP', 2, 38650),
(96, '794', 'ARANDELA FE 7/16', 'AMP', 4, 38650),
(97, '2099', 'KIT BT 420A 1/2 ANSI TM LEOSAN', 'AMP', 3, 38649),
(98, '31087', 'DISCO CONMUTADOR 100A 34.5 KV', 'AMP', 1, 38649),
(99, '595', 'VAL.SOBREPRESION 1/4 NPT 8-12 PSI', 'AMP', 1, 38649),
(100, '722', 'TORNILLO FE 1/4*1/2', 'AMP', 2, 38649),
(101, '728', 'TORNILLO FE 7/16*1', 'AMP', 2, 38649),
(102, '776', 'TUERCA GALV. SEGURIDAD 7/16', 'AMP', 2, 38649),
(103, '779', 'TUERCA GALV. SEGURIDAD 1/4', 'AMP', 2, 38649),
(104, '794', 'ARANDELA FE 7/16', 'AMP', 4, 38649);

-- --------------------------------------------------------

--
-- Estructura de tabla para la tabla `bodega`
--

CREATE TABLE IF NOT EXISTS `bodega` (
  `bodega_id` int(11) NOT NULL AUTO_INCREMENT,
  `bodega_nombre` varchar(45) NOT NULL,
  PRIMARY KEY (`bodega_id`),
  UNIQUE KEY `bodega_nombre_UNIQUE` (`bodega_nombre`)
) ENGINE=InnoDB  DEFAULT CHARSET=utf8 AUTO_INCREMENT=9 ;

--
-- Volcar la base de datos para la tabla `bodega`
--

INSERT INTO `bodega` (`bodega_id`, `bodega_nombre`) VALUES
(7, 'BOBINADORA 1'),
(8, 'BOBINADORA 2'),
(1, 'BOD PPAL'),
(2, 'BOD PROD'),
(3, 'BOD_ERP');

-- --------------------------------------------------------

--
-- Estructura de tabla para la tabla `detalle_material`
--

CREATE TABLE IF NOT EXISTS `detalle_material` (
  `dm_id` int(11) NOT NULL AUTO_INCREMENT,
  `movimiento_id` bigint(20) DEFAULT NULL,
  `num_unidad` decimal(10,2) NOT NULL,
  `cantidad` decimal(10,2) DEFAULT NULL,
  `presentacion` varchar(45) NOT NULL,
  `patinador` varchar(100) DEFAULT NULL,
  `dm_codbar` varchar(200) DEFAULT NULL,
  `estado` varchar(1) DEFAULT NULL,
  `id_detalle` int(11) DEFAULT NULL,
  PRIMARY KEY (`dm_id`),
  KEY `fk_detalle_movimiento_movimiento_material1_idx` (`movimiento_id`)
) ENGINE=InnoDB DEFAULT CHARSET=utf8 AUTO_INCREMENT=1 ;

--
-- Volcar la base de datos para la tabla `detalle_material`
--


-- --------------------------------------------------------

--
-- Estructura de tabla para la tabla `detalle_movimiento`
--

CREATE TABLE IF NOT EXISTS `detalle_movimiento` (
  `dm_id` int(11) NOT NULL AUTO_INCREMENT,
  `movimiento_id` bigint(20) DEFAULT NULL,
  `num_unidad` decimal(10,2) NOT NULL,
  `cantidad` decimal(10,2) DEFAULT NULL,
  `presentacion` varchar(45) NOT NULL,
  `patinador` varchar(100) DEFAULT NULL,
  `dmo_codbar` varchar(200) DEFAULT NULL,
  `estado` varchar(1) DEFAULT NULL,
  `id_detalle` int(11) DEFAULT NULL,
  PRIMARY KEY (`dm_id`),
  KEY `fk_detalle_movimiento_movimiento_material1_idx` (`movimiento_id`)
) ENGINE=InnoDB DEFAULT CHARSET=utf8 AUTO_INCREMENT=1 ;

--
-- Volcar la base de datos para la tabla `detalle_movimiento`
--


-- --------------------------------------------------------

--
-- Estructura de tabla para la tabla `maquina`
--

CREATE TABLE IF NOT EXISTS `maquina` (
  `maquina_id` int(11) NOT NULL AUTO_INCREMENT,
  `maquina_nombre` varchar(45) NOT NULL,
  `seccion_id` int(11) NOT NULL,
  `estado` varchar(1) DEFAULT NULL,
  PRIMARY KEY (`maquina_id`),
  UNIQUE KEY `maquina_nombre_UNIQUE` (`maquina_nombre`),
  KEY `fk_maquina_seccion1_idx` (`seccion_id`)
) ENGINE=InnoDB  DEFAULT CHARSET=utf8 AUTO_INCREMENT=3 ;

--
-- Volcar la base de datos para la tabla `maquina`
--

INSERT INTO `maquina` (`maquina_id`, `maquina_nombre`, `seccion_id`, `estado`) VALUES
(1, 'BOBINADORA 1', 1, '1'),
(2, 'BOBINADORA 2', 2, '1');

--
-- (Evento) desencadenante `maquina`
--
DROP TRIGGER IF EXISTS `maquina_BEFORE_INSERT`;
DELIMITER //
CREATE TRIGGER `maquina_BEFORE_INSERT` BEFORE INSERT ON `maquina`
 FOR EACH ROW BEGIN
	INSERT INTO bodega VALUES(null,NEW.maquina_nombre);
END
//
DELIMITER ;

-- --------------------------------------------------------

--
-- Estructura de tabla para la tabla `maquina_ot`
--

CREATE TABLE IF NOT EXISTS `maquina_ot` (
  `maquinao_id` int(11) NOT NULL AUTO_INCREMENT,
  `maquina_bod_id` int(11) NOT NULL,
  `material_id` int(11) NOT NULL,
  `maquinao_cantidad` decimal(10,2) DEFAULT NULL,
  `maquinao_ot` int(11) DEFAULT NULL,
  `maquinao_codbar` varchar(200) CHARACTER SET utf8 COLLATE utf8_spanish2_ci DEFAULT NULL,
  `maquinao_date` datetime DEFAULT NULL,
  `maquinao_estado` varchar(45) DEFAULT 'ACTIVO',
  `movimiento_id` int(11) DEFAULT NULL,
  PRIMARY KEY (`maquinao_id`),
  KEY `fk_maquina_ot_material1_idx` (`material_id`),
  KEY `fk_maquina_ot_bodega1_idx` (`maquina_bod_id`),
  KEY `maquinao_codbar` (`maquinao_codbar`)
) ENGINE=InnoDB  DEFAULT CHARSET=utf8 AUTO_INCREMENT=7 ;

--
-- Volcar la base de datos para la tabla `maquina_ot`
--


-- --------------------------------------------------------

--
-- Estructura de tabla para la tabla `material`
--

CREATE TABLE IF NOT EXISTS `material` (
  `material_id` int(11) NOT NULL AUTO_INCREMENT,
  `material_descripcion` varchar(45) NOT NULL,
  PRIMARY KEY (`material_id`)
) ENGINE=InnoDB  DEFAULT CHARSET=utf8 AUTO_INCREMENT=72181 ;

--
-- Volcar la base de datos para la tabla `material`
--

INSERT INTO `material` (`material_id`, `material_descripcion`) VALUES
(443, 'ALAMBRE CU ESMALTADO AWG 8 RED'),
(445, 'ALAMBRE CU ESMALTADO AWG 10 RED'),
(446, 'ALAMBRE CU ESMALTADO AWG 11 RED'),
(447, 'ALAMBRE CU ESMALTADO AWG 12 RED'),
(448, 'ALAMBRE CU ESMALTADO AWG 13 RED'),
(449, 'ALAMBRE CU ESMALTADO AWG 14 RED'),
(450, 'ALAMBRE CU ESMALTADO AWG 15 RED'),
(451, 'ALAMBRE CU ESMALTADO AWG 16 RED'),
(452, 'ALAMBRE CU ESMALTADO AWG 17 RED'),
(453, 'ALAMBRE CU ESMALTADO AWG 18 RED'),
(454, 'ALAMBRE CU ESMALTADO AWG 19 RED'),
(455, 'ALAMBRE CU ESMALTADO AWG 20 RED'),
(456, 'ALAMBRE CU ESMALTADO AWG 21 RED'),
(457, 'ALAMBRE CU ESMALTADO AWG 22 RED'),
(458, 'ALAMBRE CU ESMALTADO AWG 23 RED'),
(459, 'ALAMBRE CU ESMALTADO AWG 24 RED'),
(460, 'ALAMBRE CU ESMALTADO AWG 25 RED'),
(463, 'ALAMBRE CU ESMALTADO 2.6 x 5 MM RECT'),
(464, 'ALAMBRE CU ESMALTADO 2.6 x 6.9 MM RECT'),
(465, 'ALAMBRE CU ESMALTADO 2.6 x 8.7 MM RECT'),
(466, 'ALAMBRE CU ESMALTADO 2.6 x 10 MM RECT'),
(467, 'FLEJE CU 0.20*120 MM DIAM. INT ROLLO 4"'),
(468, 'FLEJE CU 0.20*145 MM DIAM INT ROLLO 4"'),
(469, 'FLEJE CU 0.24*161 MM DIAM INT ROLLO 4"'),
(470, 'FLEJE CU 0.24*184 MM DIAM INT ROLLO 4"'),
(471, 'FLEJE CU 0.48*161 MM DIAM INT ROLLO 8"'),
(474, 'FLEJE CU 0.8*120 MM'),
(476, 'FLEJE CU 0.8*240 MM'),
(478, 'FLEJE CU 1.0*50 MM'),
(479, 'FLEJE CU 1.0*184 MM'),
(482, 'FLEJE CU 1.0*322 MM'),
(484, 'FLEJE CU 1.0*600 MM'),
(494, 'FLEJE CU 1.5*322 MM'),
(1010, 'Material 1'),
(1111, 'prueba'),
(1212, 'Material 10'),
(1518, 'Material 2'),
(2020, 'Material 5'),
(3030, 'Prueba 1'),
(4040, 'Material 6'),
(4768, 'ALAMBRE CU ESMALTADO AWG 21.5 RED'),
(4783, 'ALAMBRE CU CONEXIONES'),
(4786, 'FLEJE CU PARA SHUNT'),
(4799, 'FLEJE CU 1.5*50MM'),
(5625, 'FLEJE CU 0.8*184MM'),
(5626, 'FLEJE CU 1.0*145MM'),
(5627, 'FLEJE CU 1.0*161MM'),
(5631, 'FLEJE CU 1.2*120MM'),
(5633, 'FLEJE CU 1.2*322MM'),
(5804, 'FLEJE CU 1.5*184MM'),
(7055, 'FLEJE CU 1.5*161MM'),
(11054, 'FLEJE CU 0.40*120 MM DIAM INT ROLLO 8"'),
(11055, 'FLEJE CU 0.40*145 MM DIAM INT ROLLO 8"'),
(11056, 'FLEJE CU 0.48*184 MM DIAM INT ROLLO 4"'),
(13557, 'FLEJE ALUMINIO 1.0*161 MM'),
(13622, 'ALAMBRE CU ESMALTADO AWG 18.5 RED'),
(15783, 'ALAMBRE CU ESMALTADO AWG 13.5 RED'),
(16994, 'ALAMBRE CU ESMALTADO AWG 20.5 RED'),
(19048, 'ALAMBRE AL ESMALTADO AWG 15 RED'),
(19049, 'ALAMBRE AL ESMALTADO 2.6 x 10 MM RECT'),
(20359, 'FLEJE CU 1.0*265 MM'),
(20837, 'FLEJE CU 0.8*322MM'),
(27308, 'FLEJE CU 0.8*300 MM'),
(28011, 'FLEJE ALUMINIO 1.2*322 MM'),
(28715, 'ALAMBRE AL ESMALTADO AWG 8 RED'),
(28716, 'ALAMBRE AL ESMALTADO AWG 9 RED'),
(28717, 'ALAMBRE AL ESMALTADO AWG 10 RED'),
(28718, 'ALAMBRE AL ESMALTADO AWG 11 RED'),
(28719, 'ALAMBRE AL ESMALTADO AWG 12 RED'),
(28720, 'ALAMBRE AL ESMALTADO AWG 13 RED'),
(28721, 'ALAMBRE AL ESMALTADO AWG 14 RED'),
(28722, 'ALAMBRE AL ESMALTADO AWG 16 RED'),
(28723, 'ALAMBRE AL ESMALTADO AWG 17 RED'),
(28724, 'ALAMBRE AL ESMALTADO AWG 18 RED'),
(28725, 'ALAMBRE AL ESMALTADO AWG 19 RED'),
(28726, 'ALAMBRE AL ESMALTADO AWG 20 RED'),
(28727, 'ALAMBRE AL ESMALTADO AWG 21 RED'),
(28728, 'ALAMBRE AL ESMALTADO AWG 22 RED NO COMPRAR'),
(28737, 'ALAMBRE AL ESMALTADO AWG 19.5 RED'),
(28739, 'ALAMBRE AL ESMALTADO AWG 13.5 RED'),
(29366, 'ALAMBRE AL ESMALTADO 2.6 x 5 MM RECT'),
(29367, 'ALAMBRE AL ESMALTADO 2.6 x 6.9 MM RECT'),
(29368, 'ALAMBRE AL ESMALTADO 2.6 x 8.7 MM RECT'),
(29369, 'ALAMBRE AL ESMALTADO AWG 11.5 RED'),
(29370, 'ALAMBRE AL ESMALTADO AWG 12.5 RED'),
(29372, 'ALAMBRE AL ESMALTADO AWG 16.5 RED'),
(30505, 'FLEJE CU 1.0*435MM'),
(31743, 'ALAMBRE AL ESMALTADO AWG 20.5 RED'),
(31919, 'FLEJE CU 1.2*270 MM'),
(32038, 'ALAMBRE AL ESMALTADO 2.6 x 3.3 MM RECT'),
(32081, 'ALAMBRE AL ESMALTADO 2.6 x 4.1 MM RECT'),
(35417, 'FLEJE ALUMINIO 1.0*51.3 MM'),
(36814, 'FLEJE ALUMINIO 0.48*51.3 MM'),
(36815, 'FLEJE ALUMINIO 0.65*51.3 MM'),
(36816, 'FLEJE ALUMINIO 0.8*51.3 MM'),
(37373, 'FLEJE AL PARA SHUNT CORTE DE ROLLOS'),
(38649, 'BANDEJA - 38649'),
(38650, 'BANDEJA - 38650'),
(38766, 'BANDEJA - 38766'),
(38767, 'BANDEJA - 38767'),
(38769, 'BANDEJA - 38769'),
(38770, 'BANDEJA - 38770'),
(38771, 'BANDEJA - 38771'),
(38772, 'BANDEJA - 38772'),
(38773, 'BANDEJA - 38773'),
(38774, 'BANDEJA - 38774'),
(38775, 'BANDEJA - 38775'),
(38776, 'BANDEJA - 38776'),
(38780, 'BANDEJA - 38780'),
(39010, 'FLEJE CU 0.24*200 MM'),
(40943, 'ALAMBRE AL ESMALTADO AWG 6 RED'),
(47387, 'FLEJE ALUMINIO 0.48*154 MM'),
(47388, 'FLEJE ALUMINIO 0.8*184.8 MM'),
(47389, 'FLEJE ALUMINIO 1.0*184.8 MM'),
(47702, 'FLEJE ALUMINIO 0.8*231 MM'),
(47718, 'FLEJE ALUMINIO 1.2*231 MM'),
(47719, 'FLEJE ALUMINIO 1.5*231 MM'),
(47793, 'FLEJE ALUMINIO 0.48*115.5 MM'),
(47796, 'FLEJE ALUMINIO 0.48*184.8 MM'),
(47797, 'FLEJE ALUMINIO 0.48*198 MM'),
(47798, 'FLEJE ALUMINIO 0.48*231 MM'),
(47799, 'FLEJE ALUMINIO 0.48*264 MM'),
(47800, 'FLEJE ALUMINIO 0.48*308 MM'),
(47801, 'FLEJE ALUMINIO 0.48*346.5 MM'),
(47802, 'FLEJE ALUMINIO 0.48*369.6 MM'),
(47803, 'FLEJE ALUMINIO 0.48*396 MM'),
(47804, 'FLEJE ALUMINIO 0.48*462 MM'),
(47806, 'FLEJE ALUMINIO 0.65*132 MM'),
(47807, 'FLEJE ALUMINIO 0.65*154 MM'),
(47808, 'FLEJE ALUMINIO 0.65*184.8 MM'),
(47809, 'FLEJE ALUMINIO 0.65*198 MM'),
(47810, 'FLEJE ALUMINIO 0.65*231 MM'),
(47811, 'FLEJE ALUMINIO 0.65*264 MM'),
(47813, 'FLEJE ALUMINIO 0.65*346.5 MM'),
(47814, 'FLEJE ALUMINIO 0.65*369.6 MM'),
(47815, 'FLEJE ALUMINIO 0.65*396 MM'),
(47816, 'FLEJE ALUMINIO 0.65*462 MM'),
(47819, 'FLEJE ALUMINIO 0.8*154 MM'),
(47821, 'FLEJE ALUMINIO 0.8*198 MM'),
(47822, 'FLEJE ALUMINIO 0.8*264 MM'),
(47823, 'FLEJE ALUMINIO 0.8*308 MM'),
(47824, 'FLEJE ALUMINIO 0.8*346.5 MM'),
(47825, 'FLEJE ALUMINIO 0.8*369.6 MM'),
(47826, 'FLEJE ALUMINIO 0.8*396 MM'),
(47827, 'FLEJE ALUMINIO 0.8*462 MM'),
(47830, 'FLEJE ALUMINIO 1.0*154 MM'),
(47832, 'FLEJE ALUMINIO 1.0*198 MM'),
(47833, 'FLEJE ALUMINIO 1.0*231 MM'),
(47835, 'FLEJE ALUMINIO 1.0*264 MM'),
(47836, 'FLEJE ALUMINIO 1.0*308 MM'),
(47837, 'FLEJE ALUMINIO 1.0*346.5 MM'),
(47840, 'FLEJE ALUMINIO 1.0*396 MM'),
(47849, 'FLEJE ALUMINIO 1.2*184.8 MM'),
(47851, 'FLEJE ALUMINIO 1.2*198 MM'),
(47852, 'FLEJE ALUMINIO 1.2*264 MM'),
(47854, 'FLEJE ALUMINIO 1.2*346.5 MM'),
(47855, 'FLEJE ALUMINIO 1.2*369.6 MM'),
(47857, 'FLEJE ALUMINIO 1.2*462 MM'),
(47861, 'FLEJE ALUMINIO 1.5*132 MM'),
(47862, 'FLEJE ALUMINIO 1.5*154 MM'),
(47864, 'FLEJE ALUMINIO 1.5*184.8 MM'),
(47865, 'FLEJE ALUMINIO 1.5*198 MM'),
(47866, 'FLEJE ALUMINIO 1.5*264 MM'),
(47867, 'FLEJE ALUMINIO 1.5*308 MM'),
(47868, 'FLEJE ALUMINIO 1.5*346.5 MM'),
(47869, 'FLEJE ALUMINIO 1.5*369.6 MM'),
(47870, 'FLEJE ALUMINIO 1.5*396 MM'),
(47871, 'FLEJE ALUMINIO 1.5*462 MM'),
(47876, 'FLEJE ALUMINIO 1.8*198 MM'),
(47880, 'FLEJE ALUMINIO 1.8*346.5 MM'),
(47882, 'FLEJE ALUMINIO 1.8*396 MM'),
(47883, 'FLEJE ALUMINIO 1.8*462 MM'),
(47889, 'FLEJE ALUMINIO 2.0*231 MM'),
(47892, 'FLEJE ALUMINIO 2.0*346.5 MM'),
(59934, 'FLEJE CU 1.0*25 MM'),
(64775, 'FLEJE CU 0.8*600 MM CORTE'),
(65401, 'ALAMBRE CU DESNUDO 2.6 x 8.7 MM RECT'),
(65402, 'ALAMBRE CU DESNUDO 2.6 x 10 MM RECT'),
(65403, 'ALAMBRE AL DESNUDO 2.6 x 8.7 MM RECT'),
(65404, 'ALAMBRE AL DESNUDO 2.6 x 10 MM RECT'),
(67211, 'FLEJE ALUMINIO 0.65*132 MM CORTE'),
(67212, 'FLEJE ALUMINIO 0.65*264 MM CORTE'),
(67224, 'ALAMBRE CU DESNUDO 2.6 x 5 MM RECT'),
(67225, 'ALAMBRE CU DESNUDO 2.6 x 6.9 MM RECT'),
(67226, 'ALAMBRE AL DESNUDO 2.6 x 5 MM RECT'),
(67227, 'ALAMBRE AL DESNUDO  2.6 x 6.9 MM RECT'),
(67228, 'ALAMBRE AL DESNUDO 2.6 x 4.1 MM RECT'),
(67229, 'ALAMBRE EMPAPELADO AL 2.6 x 4.1 MM RECT'),
(67230, 'ALAMBRE EMPAPELADO AL 2.6 x 5 MM RECT '),
(67231, 'ALAMBRE EMPAPELADO AL 2.6 x 6.9 MM RECT'),
(67232, 'ALAMBRE EMPAPELADO AL 2.6 x 8.7 MM RECT'),
(67234, 'ALAMBRE EMPAPELADO CU 2.6 x 5 MM RECT'),
(67235, 'ALAMBRE EMPAPELADO CU 2.6 x 6.9 MM RECT'),
(67236, 'ALAMBRE EMPAPELADO CU 2.6 x 8.7 MM RECT'),
(67237, 'ALAMBRE EMPAPELADO CU 2.6 x 10 MM RECT'),
(67238, 'FLEJE ALUMINIO 1.0*154 MM CORTE'),
(67341, 'FLEJE ALUMINIO 0.65*308 MM CORTE'),
(67533, 'FLEJE ALUMINIO 1.0*132 MM CORTE'),
(67534, 'FLEJE ALUMINIO 0.65*369.6 MM CORTE'),
(67535, 'FLEJE ALUMINIO 0.65*184.8 MM CORTE'),
(67590, 'FLEJE ALUMINIO 1.0*264 MM CORTE'),
(67676, 'FLEJE ALUMINIO 0.65*231 MM CORTE'),
(67782, 'FLEJE ALUMINIO 1.0*308 MM CORTE'),
(67783, 'FLEJE ALUMINIO 0.8*231 MM CORTE'),
(67784, 'FLEJE ALUMINIO 0.8*184.8 MM CORTE'),
(67907, 'FLEJE ALUMINIO 0.65*198 MM CORTE'),
(67908, 'FLEJE ALUMINIO 1.8*369.6 MM CORTE'),
(67910, 'FLEJE ALUMINIO 1.2*264 MM CORTE'),
(67912, 'FLEJE ALUMINIO 0.8*198 MM CORTE'),
(67917, 'FLEJE ALUMINIO 2.0*231 MM CORTE'),
(67930, 'FLEJE ALUMINIO 1.0*396 MM CORTE'),
(67993, 'FLEJE ALUMINIO 1.0*231 MM CORTE'),
(67994, 'FLEJE ALUMINIO 0.8*346.5 MM CORTE'),
(67995, 'FLEJE ALUMINIO 1.8*346.5 MM CORTE'),
(68026, 'FLEJE ALUMINIO 1.8*198 MM CORTE'),
(68027, 'FLEJE ALUMINIO 1.8*132 MM CORTE'),
(68080, 'FLEJE ALUMINIO 0.65*154 MM CORTE'),
(68081, 'FLEJE ALUMINIO 0.8*154 MM CORTE'),
(68200, 'FLEJE ALUMINIO 0.8*308 MM CORTE'),
(68201, 'FLEJE ALUMINIO 0.8*264 MM CORTE'),
(68334, 'FLEJE ALUMINIO 1.5*264 MM CORTE VENEZUELA'),
(68348, 'FLEJE ALUMINIO 1.5*184.8 MM CORTE'),
(68362, 'FLEJE ALUMINIO 1.5*231 MM CORTE'),
(68470, 'FLEJE ALUMINIO 1.2*346.5 MM CORTE'),
(68471, 'FLEJE ALUMINIO 1.2*231 MM CORTE'),
(68475, 'FLEJE ALUMINIO 1.0*346.5 MM CORTE'),
(68500, 'FLEJE ALUMINIO 0.65*396 MM CORTE'),
(68517, 'FLEJE ALUMINIO 0.8*369.6 MM CORTE'),
(68574, 'FLEJE ALUMINIO 1.2*184.8 MM CORTE'),
(68734, 'FLEJE ALUMINIO 0.48*198 MM CORTE'),
(68739, 'FLEJE ALUMINIO 0.48*369.6 MM CORTE'),
(68741, 'FLEJE ALUMINIO 0.48*154 MM CORTE'),
(68857, 'FLEJE ALUMINIO 0.48*264 MM CORTE'),
(68960, 'FLEJE ALUMINIO 1.2*308 MM CORTE'),
(68961, 'FLEJE ALUMINIO 1.8*396 MM CORTE'),
(69179, 'ALAMBRE EMPAPELADO AL 2.6 x 13,8 MM RECT'),
(69181, 'ALAMBRE EMPAPELADO AL  2,6 x 17.4 MM RECT'),
(69217, 'FLEJE ALUMINIO 0.48*184 MM CORTE'),
(69408, 'FLEJE ALUMINIO 1.5*308 MM CORTE'),
(69430, 'ALAMBRE EMPAPELADO AL 2.6 x 12,8 MM RECT'),
(69434, 'ALAMBRE EMPAPELADO AL 2.6 x 11,9 MM RECT'),
(69441, 'ALAMBRE EMPAPELADO AL 2.6 x 8,2 MM RECT'),
(69557, 'FLEJE ALUMINIO 0.48*396 MM CORTE'),
(69685, 'FLEJE ALUMINIO 1.2*585,2 MM CORTE'),
(70021, 'FLEJE ALUMINIO 0.48*462 MM CORTE'),
(70116, 'FLEJE ALUMINIO 0.48*585.2 MM CORTE'),
(70469, 'FLEJE CU 0.8*120 MM CORTE'),
(70534, 'ALAMBRE EMPAPELADO ESMALTADO AL 2.6 x 10 MM R'),
(70556, 'FLEJE CU 0.8*161 MM CORTE'),
(70892, 'FLEJE CU 0.8*240 MM CORTE'),
(70893, 'FLEJE CU 1.0*322 MM CORTE'),
(70909, 'FLEJE CU 0,4*60 MM'),
(70910, 'FLEJE CU 0.2*72.5  MM'),
(71005, 'FLEJE CU 0.8*290 MM CORTE'),
(71072, 'FLEJE CU 0.8*184MM CORTE'),
(71239, 'FLEJE ALUMINIO 1.2*396 MM CORTE'),
(71762, 'FLEJE ALUMINIO 1.5* 814.5MM'),
(71904, 'FLEJE CU 1.0*300 MM CORTE'),
(71905, 'FLEJE CU 1.0*161MM CORTE'),
(71938, 'FLEJE ALUMINIO 0.65*115.5 MM CORTE'),
(71994, 'FLEJE ALUMINIO 0.48*814.5 MM'),
(72009, 'FLEJE ALUMINIO 1.2*198MM'),
(72012, 'FLEJE CU 1.2*322 MM'),
(72034, 'FLEJE CU 0.8*322 MM CORTE'),
(72062, 'FLEJE CU 0.24*72.5  MM'),
(72112, 'FLEJE CU 2.0*1200 MM'),
(72180, 'FLEJE CU 1.5*322 MM CORTE');

-- --------------------------------------------------------

--
-- Estructura de tabla para la tabla `movimiento_material`
--

CREATE TABLE IF NOT EXISTS `movimiento_material` (
  `movimiento_id` bigint(20) NOT NULL AUTO_INCREMENT,
  `material_id` int(11) NOT NULL,
  `movimiento_cantidad` decimal(10,2) DEFAULT NULL,
  `usuario_id` int(11) NOT NULL,
  `bodega_id_origen` int(11) NOT NULL,
  `bodega_id_destino` int(11) NOT NULL,
  `movimiento_date` datetime DEFAULT NULL,
  `tipo` varchar(2) DEFAULT NULL,
  PRIMARY KEY (`movimiento_id`),
  KEY `fk_movimiento_material_material_idx` (`material_id`),
  KEY `fk_movimiento_material_usuario1_idx` (`usuario_id`),
  KEY `fk_movimiento_material_bodega1_idx` (`bodega_id_origen`),
  KEY `fk_movimiento_material_bodega2_idx` (`bodega_id_destino`)
) ENGINE=InnoDB  DEFAULT CHARSET=utf8 AUTO_INCREMENT=9 ;

--
-- Volcar la base de datos para la tabla `movimiento_material`
--


-- --------------------------------------------------------

--
-- Estructura de tabla para la tabla `seccion`
--

CREATE TABLE IF NOT EXISTS `seccion` (
  `seccion_id` int(11) NOT NULL AUTO_INCREMENT,
  `seccion_nombre` varchar(45) NOT NULL,
  `estado` varchar(1) DEFAULT NULL,
  PRIMARY KEY (`seccion_id`),
  UNIQUE KEY `seccion_nombre_UNIQUE` (`seccion_nombre`)
) ENGINE=InnoDB  DEFAULT CHARSET=utf8 AUTO_INCREMENT=8 ;

--
-- Volcar la base de datos para la tabla `seccion`
--

INSERT INTO `seccion` (`seccion_id`, `seccion_nombre`, `estado`) VALUES
(1, 'Bobinado', '1'),
(2, 'Produccion', '1'),
(3, 'Almacen', '1'),
(6, 'Tics', '2'),
(7, 'loca', '1');

-- --------------------------------------------------------

--
-- Estructura de tabla para la tabla `solicitud_material`
--

CREATE TABLE IF NOT EXISTS `solicitud_material` (
  `solicitudm_id` int(11) NOT NULL AUTO_INCREMENT,
  `material_id` int(11) NOT NULL,
  `solicitudm_cantidad` decimal(10,2) NOT NULL,
  `usuario_id_solicitante` int(11) NOT NULL,
  `solicitudm_date` datetime DEFAULT NULL,
  `solicitudm_estado` varchar(45) DEFAULT 'PENDIENTE',
  `movimiento_id` int(11) DEFAULT NULL,
  `tipo` varchar(2) DEFAULT NULL,
  `imprevistos` varchar(500) NOT NULL,
  PRIMARY KEY (`solicitudm_id`),
  KEY `fk_solicitud_material_usuario1_idx` (`usuario_id_solicitante`),
  KEY `fk_solicitud_material_material1_idx` (`material_id`)
) ENGINE=InnoDB  DEFAULT CHARSET=utf8 AUTO_INCREMENT=119 ;

--
-- Volcar la base de datos para la tabla `solicitud_material`
--

INSERT INTO `solicitud_material` (`solicitudm_id`, `material_id`, `solicitudm_cantidad`, `usuario_id_solicitante`, `solicitudm_date`, `solicitudm_estado`, `movimiento_id`, `tipo`, `imprevistos`) VALUES
(4, 28720, '550.00', 4040, '2018-01-11 14:49:52', 'PENDIENTE', NULL, '1', 'N/A'),
(5, 454, '160.00', 4040, '2018-01-11 14:50:18', 'PENDIENTE', NULL, '1', 'N/A'),
(6, 28718, '50.00', 4040, '2018-01-11 14:50:45', 'PENDIENTE', NULL, '1', 'N/A'),
(7, 67226, '200.00', 4040, '2018-01-11 14:51:14', 'PENDIENTE', NULL, '1', 'EMPAPELADORA'),
(8, 47802, '230.00', 4040, '2018-01-11 14:51:36', 'PENDIENTE', NULL, '1', 'N/A'),
(9, 67912, '350.00', 4040, '2018-01-11 14:51:59', 'PENDIENTE', NULL, '1', 'N/A'),
(106, 464, '100.00', 1010, '2018-01-30 16:51:17', 'PENDIENTE', NULL, '1', 'NAL577,7 Kg(PME)  |  46,6 Kg(PMD)  |  401,8 Kg(PMB)  |  198,4 Kg(PMA)  |  '),
(107, 47803, '520.00', 1010, '2018-01-30 16:51:17', 'PENDIENTE', NULL, '1', 'NAL355,8 Kg(F5D)  |  259,6 Kg(D3C)  |  '),
(108, 28716, '200.00', 1010, '2018-01-30 16:51:17', 'PENDIENTE', NULL, '1', 'NAL526,5 Kg(PASILLO CELDAS 1(RECEPCION))  |  642,92 Kg(D3A)  |  7,7 Kg(ALMACEN)  |  '),
(109, 28719, '80.00', 1010, '2018-01-30 16:51:17', 'PENDIENTE', NULL, '1', 'NAL709,22 Kg(IMP-46925)  |  5992,74 Kg(IMP-46296)  |  984,29 Kg(D5E)  |  137,79 Kg(D5A)  |  107,77 Kg(D2A)  |  474,74 Kg(D1A)  |  480 Kg(B2D)  |  438,18 Kg(ALMACEN)  |  477,09 Kg(A2C)  |  481,19 Kg(A1B)  |  '),
(110, 16994, '100.00', 1010, '2018-01-30 16:51:18', 'PENDIENTE', NULL, '1', 'NAL618,05 Kg(C5E)  |  290,5 Kg(C1B)  |  104,7 Kg(ALMACEN)  |  '),
(111, 29368, '60.00', 1010, '2018-01-31 13:44:10', 'PENDIENTE', NULL, '1', 'NAL109,7 Kg(PASILLO CELDAS 1(RECEPCION))  |  101,3 Kg(D5C)  |  '),
(112, 463, '660.00', 1010, '2018-01-31 13:44:10', 'PENDIENTE', NULL, '1', 'NAL504,6 Kg(RACK1 PASILLO ENTRE B Y C)  |  1193,4 Kg(PASILLO CELDAS 1(RECEPCION))  |  '),
(113, 47387, '90.00', 1010, '2018-01-31 13:44:10', 'PENDIENTE', NULL, '1', 'NAL27,1 Kg(F4C)  |  66,9 Kg(E2A)  |  300 Kg(D3C)  |  '),
(114, 47702, '20.00', 1010, '2018-01-31 13:44:10', 'PENDIENTE', NULL, '1', 'NAL5,6 Kg(E4B)  |  8,8 Kg(E4A)  |  275,77 Kg(D5B)  |  42,8 Kg(ALMACEN)  |  '),
(115, 28718, '780.00', 1010, '2018-01-31 13:44:10', 'PENDIENTE', NULL, '1', 'NAL1753,37 Kg(IMP-46296)  |  4,92 Kg(MAT-INCOMP)  |  2270,2 Kg(PASILLO CELDAS 1(RECEPCION))  |  63,14 Kg(D5A)  |  '),
(116, 16994, '90.00', 1010, '2018-01-31 13:44:10', 'PENDIENTE', NULL, '1', 'NAL618,05 Kg(C5E)  |  160,6 Kg(C1B)  |  104,7 Kg(ALMACEN)  |  '),
(117, 28721, '30.00', 1010, '2018-01-31 13:44:10', 'PENDIENTE', NULL, '1', 'NAL561,32 Kg(IMP-46296)  |  699,81 Kg(PASILLO CELDAS 1(RECEPCION))  |  4,13 Kg(E2E)  |  376,54 Kg(B3D)  |  14,92 Kg(ALMACEN)  |  503,86 Kg(A2C)  |  '),
(118, 28722, '80.00', 1010, '2018-01-31 13:44:10', 'PENDIENTE', NULL, '1', 'NAL1992,69 Kg(IMP-46296)  |  1144,83 Kg(RECEPCION)  |  1380,58 Kg(PASILLO CELDAS 1(RECEPCION))  |  323,42 Kg(D4E)  |  134,4 Kg(D4A)  |  0,01 Kg(D2E)  |  433,75 Kg(D1E)  |  541,12 Kg(C3E)  |  540,89 Kg(C1E)  |  311,88 Kg(B4C)  |  302,29 Kg(B3C)  |  650,49 Kg(ALMACEN)  |  869,72 Kg(A4D)  |  1386 Kg(A1D)  |  ');

-- --------------------------------------------------------

--
-- Estructura de tabla para la tabla `solicitud_material_temp`
--

CREATE TABLE IF NOT EXISTS `solicitud_material_temp` (
  `solicitudm_id` int(11) NOT NULL AUTO_INCREMENT,
  `material_id` int(11) NOT NULL,
  `solicitudm_cantidad` decimal(10,2) NOT NULL,
  `usuario_id_solicitante` int(11) NOT NULL,
  `solicitudm_date` datetime DEFAULT NULL,
  `solicitudm_estado` varchar(45) DEFAULT 'PENDIENTE',
  `movimiento_id` int(11) DEFAULT NULL,
  `tipo` varchar(2) DEFAULT NULL,
  `imprevistos` text NOT NULL,
  `id_detalle` int(11) DEFAULT NULL,
  PRIMARY KEY (`solicitudm_id`),
  KEY `material_id` (`material_id`),
  KEY `usuario_id_solicitante` (`usuario_id_solicitante`)
) ENGINE=InnoDB  DEFAULT CHARSET=utf8 AUTO_INCREMENT=5 ;

--
-- Volcar la base de datos para la tabla `solicitud_material_temp`
--


-- --------------------------------------------------------

--
-- Estructura de tabla para la tabla `solicitud_reintegro`
--

CREATE TABLE IF NOT EXISTS `solicitud_reintegro` (
  `solicitudr_id` int(11) NOT NULL AUTO_INCREMENT,
  `material_id` int(11) NOT NULL,
  `solicitudr_cantidad` decimal(10,2) NOT NULL,
  `solicitudr_observacion` varchar(45) DEFAULT NULL,
  `solicitudr_date` datetime DEFAULT NULL,
  `solicitudr_estado` varchar(45) DEFAULT 'PENDIENTE',
  `movimiento_id` int(15) NOT NULL,
  `numero_reintegro` varchar(20) DEFAULT NULL,
  `tipo` varchar(2) DEFAULT NULL,
  PRIMARY KEY (`solicitudr_id`),
  KEY `fk_solicitud_reintegro_material1_idx` (`material_id`)
) ENGINE=InnoDB DEFAULT CHARSET=utf8 AUTO_INCREMENT=1 ;

--
-- Volcar la base de datos para la tabla `solicitud_reintegro`
--


-- --------------------------------------------------------

--
-- Estructura de tabla para la tabla `stock_codigo`
--

CREATE TABLE IF NOT EXISTS `stock_codigo` (
  `id` int(11) NOT NULL AUTO_INCREMENT,
  `id_detalle` bigint(11) DEFAULT NULL,
  `presentacion` varchar(200) DEFAULT NULL,
  `sc_cantidad` decimal(10,2) DEFAULT NULL,
  `codbar` varchar(200) DEFAULT NULL,
  PRIMARY KEY (`id`),
  UNIQUE KEY `codbar` (`codbar`),
  KEY `id_detalle` (`id_detalle`),
  KEY `id_detalle_2` (`id_detalle`),
  KEY `id_detalle_3` (`id_detalle`)
) ENGINE=InnoDB  DEFAULT CHARSET=latin1 AUTO_INCREMENT=17 ;

--
-- Volcar la base de datos para la tabla `stock_codigo`
--

INSERT INTO `stock_codigo` (`id`, `id_detalle`, `presentacion`, `sc_cantidad`, `codbar`) VALUES
(1, 43, 'Estiba', '0.00', '123'),
(2, 43, 'BANDEJA - 38780', '0.00', '1234'),
(3, 43, 'Chipa', '0.00', '123456'),
(6, 43, 'Estiba', '0.00', '990'),
(7, 43, 'Chipa', '0.00', '991'),
(10, 43, 'Estiba', '0.00', '9898'),
(11, 43, 'Rollo', '0.00', '9999'),
(12, 43, 'Chipa', '0.00', '1010'),
(13, 43, 'Rollo', '0.00', '1111'),
(14, 43, 'estiba', '0.00', '1313'),
(15, 43, 'Rollo', '0.00', '777');

-- --------------------------------------------------------

--
-- Estructura de tabla para la tabla `stock_material`
--

CREATE TABLE IF NOT EXISTS `stock_material` (
  `stockm_id` bigint(20) NOT NULL AUTO_INCREMENT,
  `material_id` int(11) NOT NULL,
  `material_descripcion` varchar(45) DEFAULT NULL,
  `stockm_cantidad` decimal(10,2) DEFAULT NULL,
  `bodega_id` int(11) NOT NULL,
  `movimiento_id` int(11) DEFAULT NULL,
  PRIMARY KEY (`stockm_id`),
  KEY `fk_stock_material_material1_idx` (`material_id`),
  KEY `fk_stock_material_bodega1_idx` (`bodega_id`)
) ENGINE=InnoDB  DEFAULT CHARSET=utf8 AUTO_INCREMENT=299 ;

--
-- Volcar la base de datos para la tabla `stock_material`
--

INSERT INTO `stock_material` (`stockm_id`, `material_id`, `material_descripcion`, `stockm_cantidad`, `bodega_id`, `movimiento_id`) VALUES
(43, 38780, 'BANDEJA - 38780', '100.00', 1, 11),
(46, 1212, 'Material 10', '10.00', 1, 0),
(47, 1212, 'Material 10', '600.00', 2, 13),
(48, 38780, 'BANDEJA - 38780', '0.00', 2, 11),
(49, 1212, 'Material 10', '150.00', 7, 6),
(50, 38780, 'BANDEJA - 38780', '200.00', 7, 9),
(51, 1212, 'Material 10', '50.00', 8, 7),
(52, 11054, 'FLEJE CU 0.40*120 MM DIAM INT ROLLO 8"', '389.10', 1, 0),
(53, 11055, 'FLEJE CU 0.40*145 MM DIAM INT ROLLO 8"', '248.21', 1, 0),
(54, 11056, 'FLEJE CU 0.48*184 MM DIAM INT ROLLO 4"', '332.95', 1, 0),
(55, 13557, 'FLEJE ALUMINIO 1.0*161 MM', '14.41', 1, 0),
(56, 13622, 'ALAMBRE CU ESMALTADO AWG 18.5 RED', '42.00', 1, 0),
(57, 15783, 'ALAMBRE CU ESMALTADO AWG 13.5 RED', '17.70', 1, 0),
(58, 16994, 'ALAMBRE CU ESMALTADO AWG 20.5 RED', '124.75', 1, 0),
(59, 19048, 'ALAMBRE AL ESMALTADO AWG 15 RED', '95.37', 1, 0),
(60, 19049, 'ALAMBRE AL ESMALTADO 2.6 x 10 MM RECT', '164.91', 1, 0),
(61, 20359, 'FLEJE CU 1.0*265 MM', '84.31', 1, 0),
(62, 20837, 'FLEJE CU 0.8*322MM', '32.38', 1, 0),
(63, 27308, 'FLEJE CU 0.8*300 MM', '108.31', 1, 0),
(64, 28011, 'FLEJE ALUMINIO 1.2*322 MM', '2.20', 1, 0),
(65, 28715, 'ALAMBRE AL ESMALTADO AWG 8 RED', '109.58', 1, 0),
(66, 28716, 'ALAMBRE AL ESMALTADO AWG 9 RED', '113.64', 1, 0),
(67, 28717, 'ALAMBRE AL ESMALTADO AWG 10 RED', '88.70', 1, 0),
(68, 28718, 'ALAMBRE AL ESMALTADO AWG 11 RED', '65.66', 1, 0),
(69, 28719, 'ALAMBRE AL ESMALTADO AWG 12 RED', '124.07', 1, 0),
(70, 28720, 'ALAMBRE AL ESMALTADO AWG 13 RED', '69.27', 1, 0),
(71, 28721, 'ALAMBRE AL ESMALTADO AWG 14 RED', '448.09', 1, 0),
(72, 28722, 'ALAMBRE AL ESMALTADO AWG 16 RED', '107.34', 1, 0),
(73, 28723, 'ALAMBRE AL ESMALTADO AWG 17 RED', '79.79', 1, 0),
(74, 28724, 'ALAMBRE AL ESMALTADO AWG 18 RED', '151.78', 1, 0),
(75, 28725, 'ALAMBRE AL ESMALTADO AWG 19 RED', '63.52', 1, 0),
(76, 28726, 'ALAMBRE AL ESMALTADO AWG 20 RED', '82.60', 1, 0),
(77, 28727, 'ALAMBRE AL ESMALTADO AWG 21 RED', '127.73', 1, 0),
(78, 28728, 'ALAMBRE AL ESMALTADO AWG 22 RED NO COMPRAR', '5.26', 1, 0),
(79, 28737, 'ALAMBRE AL ESMALTADO AWG 19.5 RED', '0.30', 1, 0),
(80, 28739, 'ALAMBRE AL ESMALTADO AWG 13.5 RED', '7.60', 1, 0),
(81, 29366, 'ALAMBRE AL ESMALTADO 2.6 x 5 MM RECT', '2.44', 1, 0),
(82, 29367, 'ALAMBRE AL ESMALTADO 2.6 x 6.9 MM RECT', '356.01', 1, 0),
(83, 29368, 'ALAMBRE AL ESMALTADO 2.6 x 8.7 MM RECT', '371.73', 1, 0),
(84, 29369, 'ALAMBRE AL ESMALTADO AWG 11.5 RED', '2.10', 1, 0),
(85, 29370, 'ALAMBRE AL ESMALTADO AWG 12.5 RED', '0.40', 1, 0),
(86, 29372, 'ALAMBRE AL ESMALTADO AWG 16.5 RED', '0.01', 1, 0),
(87, 30505, 'FLEJE CU 1.0*435MM', '19.22', 1, 0),
(88, 31743, 'ALAMBRE AL ESMALTADO AWG 20.5 RED', '0.91', 1, 0),
(89, 31919, 'FLEJE CU 1.2*270 MM', '22.00', 1, 0),
(90, 32038, 'ALAMBRE AL ESMALTADO 2.6 x 3.3 MM RECT', '97.66', 1, 0),
(91, 32081, 'ALAMBRE AL ESMALTADO 2.6 x 4.1 MM RECT', '67.64', 1, 0),
(92, 35417, 'FLEJE ALUMINIO 1.0*51.3 MM', '-29.77', 1, 0),
(93, 36814, 'FLEJE ALUMINIO 0.48*51.3 MM', '72.90', 1, 0),
(94, 36815, 'FLEJE ALUMINIO 0.65*51.3 MM', '156.90', 1, 0),
(95, 36816, 'FLEJE ALUMINIO 0.8*51.3 MM', '152.05', 1, 0),
(96, 37373, 'FLEJE AL PARA SHUNT CORTE DE ROLLOS', '34.00', 1, 0),
(97, 39010, 'FLEJE CU 0.24*200 MM', '17.70', 1, 0),
(98, 40943, 'ALAMBRE AL ESMALTADO AWG 6 RED', '69.92', 1, 0),
(99, 443, 'ALAMBRE CU ESMALTADO AWG 8 RED', '58.35', 1, 0),
(100, 445, 'ALAMBRE CU ESMALTADO AWG 10 RED', '139.56', 1, 0),
(101, 446, 'ALAMBRE CU ESMALTADO AWG 11 RED', '35.60', 1, 0),
(102, 447, 'ALAMBRE CU ESMALTADO AWG 12 RED', '98.88', 1, 0),
(103, 448, 'ALAMBRE CU ESMALTADO AWG 13 RED', '5.32', 1, 0),
(104, 449, 'ALAMBRE CU ESMALTADO AWG 14 RED', '136.45', 1, 0),
(105, 450, 'ALAMBRE CU ESMALTADO AWG 15 RED', '78.50', 1, 0),
(106, 451, 'ALAMBRE CU ESMALTADO AWG 16 RED', '57.50', 1, 0),
(107, 452, 'ALAMBRE CU ESMALTADO AWG 17 RED', '55.68', 1, 0),
(108, 453, 'ALAMBRE CU ESMALTADO AWG 18 RED', '47.68', 1, 0),
(109, 454, 'ALAMBRE CU ESMALTADO AWG 19 RED', '264.10', 1, 0),
(110, 455, 'ALAMBRE CU ESMALTADO AWG 20 RED', '30.27', 1, 0),
(111, 456, 'ALAMBRE CU ESMALTADO AWG 21 RED', '255.90', 1, 0),
(112, 457, 'ALAMBRE CU ESMALTADO AWG 22 RED', '52.21', 1, 0),
(113, 458, 'ALAMBRE CU ESMALTADO AWG 23 RED', '15.67', 1, 0),
(114, 459, 'ALAMBRE CU ESMALTADO AWG 24 RED', '41.56', 1, 0),
(115, 460, 'ALAMBRE CU ESMALTADO AWG 25 RED', '41.22', 1, 0),
(116, 463, 'ALAMBRE CU ESMALTADO 2.6 x 5 MM RECT', '487.63', 1, 0),
(117, 464, 'ALAMBRE CU ESMALTADO 2.6 x 6.9 MM RECT', '225.60', 1, 0),
(118, 465, 'ALAMBRE CU ESMALTADO 2.6 x 8.7 MM RECT', '232.16', 1, 0),
(119, 466, 'ALAMBRE CU ESMALTADO 2.6 x 10 MM RECT', '494.66', 1, 0),
(120, 467, 'FLEJE CU 0.20*120 MM DIAM. INT ROLLO 4"', '286.08', 1, 0),
(121, 468, 'FLEJE CU 0.20*145 MM DIAM INT ROLLO 4"', '109.66', 1, 0),
(122, 469, 'FLEJE CU 0.24*161 MM DIAM INT ROLLO 4"', '141.13', 1, 0),
(123, 470, 'FLEJE CU 0.24*184 MM DIAM INT ROLLO 4"', '23.75', 1, 0),
(124, 471, 'FLEJE CU 0.48*161 MM DIAM INT ROLLO 8"', '200.75', 1, 0),
(125, 47387, 'FLEJE ALUMINIO 0.48*154 MM', '79.08', 1, 0),
(126, 47388, 'FLEJE ALUMINIO 0.8*184.8 MM', '35.71', 1, 0),
(127, 47389, 'FLEJE ALUMINIO 1.0*184.8 MM', '43.20', 1, 0),
(128, 4768, 'ALAMBRE CU ESMALTADO AWG 21.5 RED', '0.00', 1, 0),
(129, 47702, 'FLEJE ALUMINIO 0.8*231 MM', '-35.40', 1, 0),
(130, 47718, 'FLEJE ALUMINIO 1.2*231 MM', '69.23', 1, 0),
(131, 47719, 'FLEJE ALUMINIO 1.5*231 MM', '1.82', 1, 0),
(132, 47793, 'FLEJE ALUMINIO 0.48*115.5 MM', '8.79', 1, 0),
(133, 47796, 'FLEJE ALUMINIO 0.48*184.8 MM', '201.00', 1, 0),
(134, 47797, 'FLEJE ALUMINIO 0.48*198 MM', '21.66', 1, 0),
(135, 47798, 'FLEJE ALUMINIO 0.48*231 MM', '47.90', 1, 0),
(136, 47799, 'FLEJE ALUMINIO 0.48*264 MM', '10.03', 1, 0),
(137, 478, 'FLEJE CU 1.0*50 MM', '-298.31', 1, 0),
(138, 47801, 'FLEJE ALUMINIO 0.48*346.5 MM', '10.08', 1, 0),
(139, 47802, 'FLEJE ALUMINIO 0.48*369.6 MM', '53.73', 1, 0),
(140, 47804, 'FLEJE ALUMINIO 0.48*462 MM', '5.32', 1, 0),
(141, 47806, 'FLEJE ALUMINIO 0.65*132 MM', '38.06', 1, 0),
(142, 47807, 'FLEJE ALUMINIO 0.65*154 MM', '49.30', 1, 0),
(143, 47808, 'FLEJE ALUMINIO 0.65*184.8 MM', '-11.60', 1, 0),
(144, 47809, 'FLEJE ALUMINIO 0.65*198 MM', '34.18', 1, 0),
(145, 47810, 'FLEJE ALUMINIO 0.65*231 MM', '-26.22', 1, 0),
(146, 47811, 'FLEJE ALUMINIO 0.65*264 MM', '-297.64', 1, 0),
(147, 47813, 'FLEJE ALUMINIO 0.65*346.5 MM', '4.88', 1, 0),
(148, 47814, 'FLEJE ALUMINIO 0.65*369.6 MM', '89.10', 1, 0),
(149, 47815, 'FLEJE ALUMINIO 0.65*396 MM', '57.29', 1, 0),
(150, 47816, 'FLEJE ALUMINIO 0.65*462 MM', '17.15', 1, 0),
(151, 47819, 'FLEJE ALUMINIO 0.8*154 MM', '16.10', 1, 0),
(152, 47822, 'FLEJE ALUMINIO 0.8*264 MM', '34.13', 1, 0),
(153, 47823, 'FLEJE ALUMINIO 0.8*308 MM', '4.94', 1, 0),
(154, 47824, 'FLEJE ALUMINIO 0.8*346.5 MM', '29.93', 1, 0),
(155, 47825, 'FLEJE ALUMINIO 0.8*369.6 MM', '18.20', 1, 0),
(156, 47826, 'FLEJE ALUMINIO 0.8*396 MM', '5.22', 1, 0),
(157, 47827, 'FLEJE ALUMINIO 0.8*462 MM', '7.16', 1, 0),
(158, 4783, 'ALAMBRE CU CONEXIONES', '67.88', 1, 0),
(159, 47830, 'FLEJE ALUMINIO 1.0*154 MM', '-91.90', 1, 0),
(160, 47832, 'FLEJE ALUMINIO 1.0*198 MM', '0.40', 1, 0),
(161, 47833, 'FLEJE ALUMINIO 1.0*231 MM', '-106.72', 1, 0),
(162, 47835, 'FLEJE ALUMINIO 1.0*264 MM', '-389.43', 1, 0),
(163, 47837, 'FLEJE ALUMINIO 1.0*346.5 MM', '21.22', 1, 0),
(164, 47849, 'FLEJE ALUMINIO 1.2*184.8 MM', '-14.50', 1, 0),
(165, 47852, 'FLEJE ALUMINIO 1.2*264 MM', '4.41', 1, 0),
(166, 47854, 'FLEJE ALUMINIO 1.2*346.5 MM', '-52.40', 1, 0),
(167, 47855, 'FLEJE ALUMINIO 1.2*369.6 MM', '2.37', 1, 0),
(168, 47857, 'FLEJE ALUMINIO 1.2*462 MM', '1.62', 1, 0),
(169, 4786, 'FLEJE CU PARA SHUNT', '-74.52', 1, 0),
(170, 47861, 'FLEJE ALUMINIO 1.5*132 MM', '1.95', 1, 0),
(171, 47862, 'FLEJE ALUMINIO 1.5*154 MM', '1.60', 1, 0),
(172, 47864, 'FLEJE ALUMINIO 1.5*184.8 MM', '101.64', 1, 0),
(173, 47865, 'FLEJE ALUMINIO 1.5*198 MM', '17.98', 1, 0),
(174, 47866, 'FLEJE ALUMINIO 1.5*264 MM', '62.58', 1, 0),
(175, 47867, 'FLEJE ALUMINIO 1.5*308 MM', '0.26', 1, 0),
(176, 47868, 'FLEJE ALUMINIO 1.5*346.5 MM', '9.90', 1, 0),
(177, 47869, 'FLEJE ALUMINIO 1.5*369.6 MM', '7.46', 1, 0),
(178, 47870, 'FLEJE ALUMINIO 1.5*396 MM', '7.08', 1, 0),
(179, 47871, 'FLEJE ALUMINIO 1.5*462 MM', '2.95', 1, 0),
(180, 47876, 'FLEJE ALUMINIO 1.8*198 MM', '1.08', 1, 0),
(181, 47880, 'FLEJE ALUMINIO 1.8*346.5 MM', '18.41', 1, 0),
(182, 47882, 'FLEJE ALUMINIO 1.8*396 MM', '13.82', 1, 0),
(183, 47883, 'FLEJE ALUMINIO 1.8*462 MM', '2.03', 1, 0),
(184, 47889, 'FLEJE ALUMINIO 2.0*231 MM', '34.26', 1, 0),
(185, 47892, 'FLEJE ALUMINIO 2.0*346.5 MM', '12.95', 1, 0),
(186, 479, 'FLEJE CU 1.0*184 MM', '82.60', 1, 0),
(187, 4799, 'FLEJE CU 1.5*50MM', '45.68', 1, 0),
(188, 482, 'FLEJE CU 1.0*322 MM', '105.50', 1, 0),
(189, 484, 'FLEJE CU 1.0*600 MM', '15.70', 1, 0),
(190, 5626, 'FLEJE CU 1.0*145MM', '20.91', 1, 0),
(191, 5627, 'FLEJE CU 1.0*161MM', '69.40', 1, 0),
(192, 5804, 'FLEJE CU 1.5*184MM', '30.00', 1, 0),
(193, 59934, 'FLEJE CU 1.0*25 MM', '-85.90', 1, 0),
(194, 64775, 'FLEJE CU 0.8*600 MM CORTE', '31.50', 1, 0),
(195, 65401, 'ALAMBRE CU DESNUDO 2.6 x 8.7 MM RECT', '0.00', 1, 0),
(196, 65402, 'ALAMBRE CU DESNUDO 2.6 x 10 MM RECT', '151.27', 1, 0),
(197, 65403, 'ALAMBRE AL DESNUDO 2.6 x 8.7 MM RECT', '20.62', 1, 0),
(198, 65404, 'ALAMBRE AL DESNUDO 2.6 x 10 MM RECT', '0.00', 1, 0),
(199, 67211, 'FLEJE ALUMINIO 0.65*132 MM CORTE', '0.06', 1, 0),
(200, 67212, 'FLEJE ALUMINIO 0.65*264 MM CORTE', '463.50', 1, 0),
(201, 67225, 'ALAMBRE CU DESNUDO 2.6 x 6.9 MM RECT', '446.22', 1, 0),
(202, 67226, 'ALAMBRE AL DESNUDO 2.6 x 5 MM RECT', '35.55', 1, 0),
(203, 67227, 'ALAMBRE AL DESNUDO  2.6 x 6.9 MM RECT', '28.94', 1, 0),
(204, 67228, 'ALAMBRE AL DESNUDO 2.6 x 4.1 MM RECT', '0.00', 1, 0),
(205, 67229, 'ALAMBRE EMPAPELADO AL 2.6 x 4.1 MM RECT', '39.24', 1, 0),
(206, 67230, 'ALAMBRE EMPAPELADO AL 2.6 x 5 MM RECT ', '330.82', 1, 0),
(207, 67231, 'ALAMBRE EMPAPELADO AL 2.6 x 6.9 MM RECT', '3.38', 1, 0),
(208, 67232, 'ALAMBRE EMPAPELADO AL 2.6 x 8.7 MM RECT', '-13.66', 1, 0),
(209, 67234, 'ALAMBRE EMPAPELADO CU 2.6 x 5 MM RECT', '298.91', 1, 0),
(210, 67235, 'ALAMBRE EMPAPELADO CU 2.6 x 6.9 MM RECT', '1295.06', 1, 0),
(211, 67236, 'ALAMBRE EMPAPELADO CU 2.6 x 8.7 MM RECT', '205.73', 1, 0),
(212, 67237, 'ALAMBRE EMPAPELADO CU 2.6 x 10 MM RECT', '304.59', 1, 0),
(213, 67238, 'FLEJE ALUMINIO 1.0*154 MM CORTE', '93.30', 1, 0),
(214, 67341, 'FLEJE ALUMINIO 0.65*308 MM CORTE', '20.90', 1, 0),
(215, 67534, 'FLEJE ALUMINIO 0.65*369.6 MM CORTE', '24.50', 1, 0),
(216, 67676, 'FLEJE ALUMINIO 0.65*231 MM CORTE', '48.33', 1, 0),
(217, 67783, 'FLEJE ALUMINIO 0.8*231 MM CORTE', '333.60', 1, 0),
(218, 67784, 'FLEJE ALUMINIO 0.8*184.8 MM CORTE', '5.20', 1, 0),
(219, 67907, 'FLEJE ALUMINIO 0.65*198 MM CORTE', '95.30', 1, 0),
(220, 67908, 'FLEJE ALUMINIO 1.8*369.6 MM CORTE', '4.90', 1, 0),
(221, 67910, 'FLEJE ALUMINIO 1.2*264 MM CORTE', '63.00', 1, 0),
(222, 67912, 'FLEJE ALUMINIO 0.8*198 MM CORTE', '42.60', 1, 0),
(223, 67917, 'FLEJE ALUMINIO 2.0*231 MM CORTE', '59.50', 1, 0),
(224, 67995, 'FLEJE ALUMINIO 1.8*346.5 MM CORTE', '81.00', 1, 0),
(225, 68026, 'FLEJE ALUMINIO 1.8*198 MM CORTE', '25.68', 1, 0),
(226, 68027, 'FLEJE ALUMINIO 1.8*132 MM CORTE', '1.20', 1, 0),
(227, 68080, 'FLEJE ALUMINIO 0.65*154 MM CORTE', '256.20', 1, 0),
(228, 68081, 'FLEJE ALUMINIO 0.8*154 MM CORTE', '436.40', 1, 0),
(229, 68200, 'FLEJE ALUMINIO 0.8*308 MM CORTE', '114.00', 1, 0),
(230, 68201, 'FLEJE ALUMINIO 0.8*264 MM CORTE', '108.84', 1, 0),
(231, 68334, 'FLEJE ALUMINIO 1.5*264 MM CORTE VENEZUELA', '210.30', 1, 0),
(232, 68362, 'FLEJE ALUMINIO 1.5*231 MM CORTE', '47.90', 1, 0),
(233, 68471, 'FLEJE ALUMINIO 1.2*231 MM CORTE', '61.00', 1, 0),
(234, 68475, 'FLEJE ALUMINIO 1.0*346.5 MM CORTE', '15.70', 1, 0),
(235, 68500, 'FLEJE ALUMINIO 0.65*396 MM CORTE', '94.60', 1, 0),
(236, 68517, 'FLEJE ALUMINIO 0.8*369.6 MM CORTE', '252.00', 1, 0),
(237, 68574, 'FLEJE ALUMINIO 1.2*184.8 MM CORTE', '31.70', 1, 0),
(238, 68734, 'FLEJE ALUMINIO 0.48*198 MM CORTE', '73.45', 1, 0),
(239, 68739, 'FLEJE ALUMINIO 0.48*369.6 MM CORTE', '301.10', 1, 0),
(240, 68741, 'FLEJE ALUMINIO 0.48*154 MM CORTE', '77.20', 1, 0),
(241, 68857, 'FLEJE ALUMINIO 0.48*264 MM CORTE', '10.30', 1, 0),
(242, 68960, 'FLEJE ALUMINIO 1.2*308 MM CORTE', '1.50', 1, 0),
(243, 69179, 'ALAMBRE EMPAPELADO AL 2.6 x 13,8 MM RECT', '1.50', 1, 0),
(244, 69181, 'ALAMBRE EMPAPELADO AL  2,6 x 17.4 MM RECT', '0.00', 1, 0),
(245, 69217, 'FLEJE ALUMINIO 0.48*184 MM CORTE', '105.20', 1, 0),
(246, 69408, 'FLEJE ALUMINIO 1.5*308 MM CORTE', '0.51', 1, 0),
(247, 69430, 'ALAMBRE EMPAPELADO AL 2.6 x 12,8 MM RECT', '17.20', 1, 0),
(248, 69434, 'ALAMBRE EMPAPELADO AL 2.6 x 11,9 MM RECT', '28.50', 1, 0),
(249, 69557, 'FLEJE ALUMINIO 0.48*396 MM CORTE', '55.16', 1, 0),
(250, 69685, 'FLEJE ALUMINIO 1.2*585,2 MM CORTE', '5.20', 1, 0),
(251, 70021, 'FLEJE ALUMINIO 0.48*462 MM CORTE', '10.40', 1, 0),
(252, 70116, 'FLEJE ALUMINIO 0.48*585.2 MM CORTE', '12.30', 1, 0),
(253, 70534, 'ALAMBRE EMPAPELADO ESMALTADO AL 2.6 x 10 MM R', '52.40', 1, 0),
(254, 70893, 'FLEJE CU 1.0*322 MM CORTE', '161.50', 1, 0),
(255, 70909, 'FLEJE CU 0,4*60 MM', '2.67', 1, 0),
(256, 70910, 'FLEJE CU 0.2*72.5  MM', '39.77', 1, 0),
(257, 71239, 'FLEJE ALUMINIO 1.2*396 MM CORTE', '7.82', 1, 0),
(258, 71762, 'FLEJE ALUMINIO 1.5* 814.5MM', '55.30', 1, 0),
(259, 71904, 'FLEJE CU 1.0*300 MM CORTE', '22.44', 1, 0),
(260, 71938, 'FLEJE ALUMINIO 0.65*115.5 MM CORTE', '16.50', 1, 0),
(261, 71994, 'FLEJE ALUMINIO 0.48*814.5 MM', '15.00', 1, 0),
(262, 72034, 'FLEJE CU 0.8*322 MM CORTE', '63.90', 1, 0),
(263, 72062, 'FLEJE CU 0.24*72.5  MM', '201.60', 1, 0),
(264, 72112, 'FLEJE CU 2.0*1200 MM', '2949.00', 1, 0),
(265, 47800, 'FLEJE ALUMINIO 0.48*308 MM', '13.40', 1, 0),
(266, 47803, 'FLEJE ALUMINIO 0.48*396 MM', '26.69', 1, 0),
(267, 47821, 'FLEJE ALUMINIO 0.8*198 MM', '47.52', 1, 0),
(268, 47840, 'FLEJE ALUMINIO 1.0*396 MM', '21.49', 1, 0),
(269, 47851, 'FLEJE ALUMINIO 1.2*198 MM', '-41.68', 1, 0),
(270, 67224, 'ALAMBRE CU DESNUDO 2.6 x 5 MM RECT', '569.94', 1, 0),
(271, 67533, 'FLEJE ALUMINIO 1.0*132 MM CORTE', '202.40', 1, 0),
(272, 67930, 'FLEJE ALUMINIO 1.0*396 MM CORTE', '80.40', 1, 0),
(273, 68348, 'FLEJE ALUMINIO 1.5*184.8 MM CORTE', '466.50', 1, 0),
(274, 68470, 'FLEJE ALUMINIO 1.2*346.5 MM CORTE', '114.60', 1, 0),
(275, 68961, 'FLEJE ALUMINIO 1.8*396 MM CORTE', '73.20', 1, 0),
(276, 69441, 'ALAMBRE EMPAPELADO AL 2.6 x 8,2 MM RECT', '1.45', 1, 0),
(277, 70469, 'FLEJE CU 0.8*120 MM CORTE', '518.20', 1, 0),
(278, 70556, 'FLEJE CU 0.8*161 MM CORTE', '278.26', 1, 0),
(279, 474, 'FLEJE CU 0.8*120 MM', '-393.00', 1, 0),
(280, 494, 'FLEJE CU 1.5*322 MM', '-221.18', 1, 0),
(281, 5631, 'FLEJE CU 1.2*120MM', '58.40', 1, 0),
(282, 5633, 'FLEJE CU 1.2*322MM', '-261.12', 1, 0),
(283, 67535, 'FLEJE ALUMINIO 0.65*184.8 MM CORTE', '103.90', 1, 0),
(284, 67590, 'FLEJE ALUMINIO 1.0*264 MM CORTE', '432.95', 1, 0),
(285, 67782, 'FLEJE ALUMINIO 1.0*308 MM CORTE', '51.30', 1, 0),
(286, 67993, 'FLEJE ALUMINIO 1.0*231 MM CORTE', '125.20', 1, 0),
(287, 7055, 'FLEJE CU 1.5*161MM', '4.50', 1, 0),
(288, 71072, 'FLEJE CU 0.8*184MM CORTE', '106.00', 1, 0),
(289, 71905, 'FLEJE CU 1.0*161MM CORTE', '256.80', 1, 0),
(290, 72009, 'FLEJE ALUMINIO 1.2*198MM', '66.40', 1, 0),
(291, 72012, 'FLEJE CU 1.2*322 MM', '298.60', 1, 0),
(292, 72180, 'FLEJE CU 1.5*322 MM CORTE', '332.20', 1, 0),
(293, 47836, 'FLEJE ALUMINIO 1.0*308 MM', '-45.30', 1, 0),
(294, 5625, 'FLEJE CU 0.8*184MM', '-78.30', 1, 0),
(295, 70892, 'FLEJE CU 0.8*240 MM CORTE', '65.20', 1, 0),
(296, 476, 'FLEJE CU 0.8*240 MM', '-51.51', 1, 0),
(297, 67994, 'FLEJE ALUMINIO 0.8*346.5 MM CORTE', '64.00', 1, 0),
(298, 71005, 'FLEJE CU 0.8*290 MM CORTE', '119.10', 1, 0);

-- --------------------------------------------------------

--
-- Estructura de tabla para la tabla `stock_material_temp`
--

CREATE TABLE IF NOT EXISTS `stock_material_temp` (
  `stockm_id` bigint(20) NOT NULL AUTO_INCREMENT,
  `material_id` int(11) NOT NULL,
  `material_descripcion` varchar(45) DEFAULT NULL,
  `stockm_cantidad` decimal(10,2) DEFAULT NULL,
  `bodega_id` int(11) NOT NULL,
  `movimiento_id` int(11) DEFAULT NULL,
  PRIMARY KEY (`stockm_id`),
  KEY `material_id` (`material_id`),
  KEY `bodega_id` (`bodega_id`)
) ENGINE=InnoDB  DEFAULT CHARSET=latin1 AUTO_INCREMENT=5 ;

--
-- Volcar la base de datos para la tabla `stock_material_temp`
--


-- --------------------------------------------------------

--
-- Estructura de tabla para la tabla `temp_stock`
--

CREATE TABLE IF NOT EXISTS `temp_stock` (
  `temp_stock_id` bigint(20) NOT NULL AUTO_INCREMENT,
  `temps_material_id` int(11) NOT NULL,
  `temps_material_descripcion` varchar(45) DEFAULT NULL,
  `temps_cantidad` decimal(10,2) NOT NULL,
  `temps_bodega_inicio_id` int(11) NOT NULL,
  `temps_bodega_fin_id` int(11) NOT NULL,
  `temp_date` datetime DEFAULT NULL,
  `movimiento_id` int(11) NOT NULL,
  PRIMARY KEY (`temp_stock_id`)
) ENGINE=InnoDB DEFAULT CHARSET=utf8 AUTO_INCREMENT=1 ;

--
-- Volcar la base de datos para la tabla `temp_stock`
--


-- --------------------------------------------------------

--
-- Estructura de tabla para la tabla `tipo_usuario`
--

CREATE TABLE IF NOT EXISTS `tipo_usuario` (
  `tipou_id` int(11) NOT NULL AUTO_INCREMENT,
  `tipou_perfil` varchar(45) NOT NULL,
  PRIMARY KEY (`tipou_id`)
) ENGINE=InnoDB  DEFAULT CHARSET=utf8 AUTO_INCREMENT=6 ;

--
-- Volcar la base de datos para la tabla `tipo_usuario`
--

INSERT INTO `tipo_usuario` (`tipou_id`, `tipou_perfil`) VALUES
(1, 'Administrador'),
(2, 'Patinador'),
(3, 'Almacen'),
(4, 'Materiales'),
(5, 'Produccion');

-- --------------------------------------------------------

--
-- Estructura de tabla para la tabla `ult_sinc`
--

CREATE TABLE IF NOT EXISTS `ult_sinc` (
  `id` int(11) NOT NULL AUTO_INCREMENT,
  `fecha` datetime DEFAULT NULL,
  PRIMARY KEY (`id`)
) ENGINE=InnoDB  DEFAULT CHARSET=latin1 AUTO_INCREMENT=2 ;

--
-- Volcar la base de datos para la tabla `ult_sinc`
--

INSERT INTO `ult_sinc` (`id`, `fecha`) VALUES
(1, '2018-01-29 07:43:12');

-- --------------------------------------------------------

--
-- Estructura de tabla para la tabla `usuario`
--

CREATE TABLE IF NOT EXISTS `usuario` (
  `usuario_id` int(11) NOT NULL,
  `usuario_nombre` varchar(45) NOT NULL,
  `seccion_id` int(11) NOT NULL,
  `tipou_id` int(11) NOT NULL,
  `usuario_user` varchar(45) NOT NULL,
  `usuario_clave` varchar(45) DEFAULT NULL,
  `estado` varchar(1) DEFAULT NULL,
  PRIMARY KEY (`usuario_id`),
  UNIQUE KEY `usuario_user_UNIQUE` (`usuario_user`),
  KEY `fk_usuario_seccion1_idx` (`seccion_id`),
  KEY `fk_usuario_tipo_usuario1_idx` (`tipou_id`)
) ENGINE=InnoDB DEFAULT CHARSET=utf8;

--
-- Volcar la base de datos para la tabla `usuario`
--

INSERT INTO `usuario` (`usuario_id`, `usuario_nombre`, `seccion_id`, `tipou_id`, `usuario_user`, `usuario_clave`, `estado`) VALUES
(1010, 'Materiales', 3, 4, 'mate', '123', '1'),
(2020, 'Almacen', 3, 3, 'alma', '123', '1'),
(3030, 'Patinador 1', 1, 2, 'pati', '123', '1'),
(4040, 'Produccion', 7, 5, 'prod', '123', '1'),
(9090, 'Administrador', 2, 1, 'admin', '123', '1');

--
-- Filtros para las tablas descargadas (dump)
--

--
-- Filtros para la tabla `bandejas`
--
ALTER TABLE `bandejas`
  ADD CONSTRAINT `bandejas_ibfk_1` FOREIGN KEY (`id_material`) REFERENCES `material` (`material_id`) ON DELETE CASCADE ON UPDATE CASCADE;

--
-- Filtros para la tabla `maquina`
--
ALTER TABLE `maquina`
  ADD CONSTRAINT `fk_maquina_seccion1` FOREIGN KEY (`seccion_id`) REFERENCES `seccion` (`seccion_id`) ON DELETE NO ACTION ON UPDATE CASCADE;

--
-- Filtros para la tabla `maquina_ot`
--
ALTER TABLE `maquina_ot`
  ADD CONSTRAINT `fk_maquina_ot_bodega1` FOREIGN KEY (`maquina_bod_id`) REFERENCES `bodega` (`bodega_id`) ON DELETE NO ACTION ON UPDATE NO ACTION,
  ADD CONSTRAINT `fk_maquina_ot_material1` FOREIGN KEY (`material_id`) REFERENCES `material` (`material_id`) ON DELETE NO ACTION ON UPDATE CASCADE;

--
-- Filtros para la tabla `movimiento_material`
--
ALTER TABLE `movimiento_material`
  ADD CONSTRAINT `fk_movimiento_material_bodega1` FOREIGN KEY (`bodega_id_origen`) REFERENCES `bodega` (`bodega_id`) ON DELETE NO ACTION ON UPDATE NO ACTION,
  ADD CONSTRAINT `fk_movimiento_material_bodega2` FOREIGN KEY (`bodega_id_destino`) REFERENCES `bodega` (`bodega_id`) ON DELETE NO ACTION ON UPDATE NO ACTION,
  ADD CONSTRAINT `fk_movimiento_material_material` FOREIGN KEY (`material_id`) REFERENCES `material` (`material_id`) ON DELETE NO ACTION ON UPDATE NO ACTION,
  ADD CONSTRAINT `fk_movimiento_material_usuario1` FOREIGN KEY (`usuario_id`) REFERENCES `usuario` (`usuario_id`) ON DELETE NO ACTION ON UPDATE NO ACTION;

--
-- Filtros para la tabla `solicitud_material`
--
ALTER TABLE `solicitud_material`
  ADD CONSTRAINT `fk_solicitud_material_material1` FOREIGN KEY (`material_id`) REFERENCES `material` (`material_id`) ON DELETE NO ACTION ON UPDATE NO ACTION,
  ADD CONSTRAINT `fk_solicitud_material_usuario1` FOREIGN KEY (`usuario_id_solicitante`) REFERENCES `usuario` (`usuario_id`) ON DELETE NO ACTION ON UPDATE CASCADE;

--
-- Filtros para la tabla `solicitud_material_temp`
--
ALTER TABLE `solicitud_material_temp`
  ADD CONSTRAINT `solicitud_material_temp_ibfk_1` FOREIGN KEY (`material_id`) REFERENCES `material` (`material_id`) ON DELETE NO ACTION ON UPDATE NO ACTION,
  ADD CONSTRAINT `solicitud_material_temp_ibfk_2` FOREIGN KEY (`usuario_id_solicitante`) REFERENCES `usuario` (`usuario_id`) ON DELETE NO ACTION ON UPDATE CASCADE;

--
-- Filtros para la tabla `solicitud_reintegro`
--
ALTER TABLE `solicitud_reintegro`
  ADD CONSTRAINT `fk_solicitud_reintegro_material1` FOREIGN KEY (`material_id`) REFERENCES `material` (`material_id`) ON DELETE NO ACTION ON UPDATE NO ACTION;

--
-- Filtros para la tabla `stock_codigo`
--
ALTER TABLE `stock_codigo`
  ADD CONSTRAINT `stock_codigo_ibfk_1` FOREIGN KEY (`id_detalle`) REFERENCES `stock_material` (`stockm_id`) ON DELETE CASCADE ON UPDATE CASCADE;

--
-- Filtros para la tabla `stock_material`
--
ALTER TABLE `stock_material`
  ADD CONSTRAINT `fk_stock_material_bodega1` FOREIGN KEY (`bodega_id`) REFERENCES `bodega` (`bodega_id`) ON DELETE NO ACTION ON UPDATE NO ACTION,
  ADD CONSTRAINT `fk_stock_material_material1` FOREIGN KEY (`material_id`) REFERENCES `material` (`material_id`) ON DELETE NO ACTION ON UPDATE NO ACTION;

--
-- Filtros para la tabla `stock_material_temp`
--
ALTER TABLE `stock_material_temp`
  ADD CONSTRAINT `stock_material_temp_ibfk_1` FOREIGN KEY (`bodega_id`) REFERENCES `bodega` (`bodega_id`) ON DELETE NO ACTION ON UPDATE NO ACTION,
  ADD CONSTRAINT `stock_material_temp_ibfk_2` FOREIGN KEY (`material_id`) REFERENCES `material` (`material_id`) ON DELETE NO ACTION ON UPDATE NO ACTION;

--
-- Filtros para la tabla `usuario`
--
ALTER TABLE `usuario`
  ADD CONSTRAINT `fk_usuario_seccion1` FOREIGN KEY (`seccion_id`) REFERENCES `seccion` (`seccion_id`) ON DELETE NO ACTION ON UPDATE CASCADE,
  ADD CONSTRAINT `fk_usuario_tipo_usuario1` FOREIGN KEY (`tipou_id`) REFERENCES `tipo_usuario` (`tipou_id`) ON DELETE NO ACTION ON UPDATE CASCADE;
